{
  "$schema": "https://developer.microsoft.com/en-us/json-schemas/teams/v1.5/MicrosoftTeams.schema.json",
  "manifestVersion": "1.5",
  "version": "4.1.0",
  "id": "148a66bb-e83d-425a-927d-09f4299a9274",
  "packageName": "com.microsoft.teams.companycommunicator",
   "developer": {
    "name": "Reliance Infosystems",
    "websiteUrl": "https://www.reliance.systems/",
    "privacyUrl": "https://www.reliance.systems/privacy/",
    "termsOfUseUrl": "https://www.reliance.systems/privacy/"
  },
  "icons": {
    "color": "color.png",
    "outline": "outline.png"
  },
  "name": {
    "short": "Company Communicator",
    "full": "Company Communicator"
  },
  "description": {
    "short": "Broadcast messages to multiple teams and people in one go",
    "full": "Broadcasts messages to multiple teams and individuals through channel posts and chat messages"
  },
  "accentColor": "#64A2CC",
  "bots": [{
    "botId": "21d90c4f-a4d5-4d77-8f67-dc10cb82b48a",
    "scopes": [
      "personal",
      "team"
    ],
    "supportsFiles": true,
    "isNotificationOnly": false
  }],
  "permissions": [
    "identity",
    "messageTeamMembers"
  ],
  "validDomains": [
    "reliancecompanycommunicator.azurefd.net"
  ]
}